{
  "alc": {
    "delay_0": {
      "n_seeds": 5,
      "mean": 0.03333334,
      "std": 0.0,
      "values": [
        0.03333334,
        0.03333334,
        0.03333334,
        0.03333334,
        0.03333334
      ]
    },
    "delay_4": {
      "n_seeds": 5,
      "mean": 0.06666667,
      "std": 0.0,
      "values": [
        0.06666667,
        0.06666667,
        0.06666667,
        0.06666667,
        0.06666667
      ]
    },
    "delay_8": {
      "n_seeds": 5,
      "mean": 0.05,
      "std": 0.0,
      "values": [
        0.05,
        0.05,
        0.05,
        0.05,
        0.05
      ]
    }
  },
  "alc_no_write": {
    "delay_0": {
      "n_seeds": 5,
      "mean": 0.03333334,
      "std": 0.0,
      "values": [
        0.03333334,
        0.03333334,
        0.03333334,
        0.03333334,
        0.03333334
      ]
    },
    "delay_4": {
      "n_seeds": 5,
      "mean": 0.03333334,
      "std": 0.0,
      "values": [
        0.03333334,
        0.03333334,
        0.03333334,
        0.03333334,
        0.03333334
      ]
    },
    "delay_8": {
      "n_seeds": 5,
      "mean": 0.03333334,
      "std": 0.0,
      "values": [
        0.03333334,
        0.03333334,
        0.03333334,
        0.03333334,
        0.03333334
      ]
    }
  },
  "baseline": {
    "delay_0": {
      "n_seeds": 5,
      "mean": 0.03333334,
      "std": 0.0,
      "values": [
        0.03333334,
        0.03333334,
        0.03333334,
        0.03333334,
        0.03333334
      ]
    },
    "delay_4": {
      "n_seeds": 5,
      "mean": 0.03333334,
      "std": 0.0,
      "values": [
        0.03333334,
        0.03333334,
        0.03333334,
        0.03333334,
        0.03333334
      ]
    },
    "delay_8": {
      "n_seeds": 5,
      "mean": 0.03333334,
      "std": 0.0,
      "values": [
        0.03333334,
        0.03333334,
        0.03333334,
        0.03333334,
        0.03333334
      ]
    }
  }
}