{
  "alc": {
    "acc_distractors_0": {
      "n_seeds": 5,
      "mean": 1.0,
      "std": 0.0,
      "ci95": 0.0,
      "values": [
        1.0,
        1.0,
        1.0,
        1.0,
        1.0
      ]
    },
    "acc_distractors_12": {
      "n_seeds": 5,
      "mean": 0.34375,
      "std": 0.0,
      "ci95": 0.0,
      "values": [
        0.34375,
        0.34375,
        0.34375,
        0.34375,
        0.34375
      ]
    },
    "acc_distractors_24": {
      "n_seeds": 5,
      "mean": 0.125,
      "std": 0.0,
      "ci95": 0.0,
      "values": [
        0.125,
        0.125,
        0.125,
        0.125,
        0.125
      ]
    },
    "acc_distractors_4": {
      "n_seeds": 5,
      "mean": 0.84375,
      "std": 0.0,
      "ci95": 0.0,
      "values": [
        0.84375,
        0.84375,
        0.84375,
        0.84375,
        0.84375
      ]
    },
    "delayed_acc_delay_0_facts_1": {
      "n_seeds": 5,
      "mean": 1.0,
      "std": 0.0,
      "ci95": 0.0,
      "values": [
        1.0,
        1.0,
        1.0,
        1.0,
        1.0
      ]
    },
    "delayed_acc_delay_0_facts_4": {
      "n_seeds": 5,
      "mean": 1.0,
      "std": 0.0,
      "ci95": 0.0,
      "values": [
        1.0,
        1.0,
        1.0,
        1.0,
        1.0
      ]
    },
    "delayed_acc_delay_0_facts_8": {
      "n_seeds": 5,
      "mean": 1.0,
      "std": 0.0,
      "ci95": 0.0,
      "values": [
        1.0,
        1.0,
        1.0,
        1.0,
        1.0
      ]
    },
    "delayed_acc_delay_12_facts_1": {
      "n_seeds": 5,
      "mean": 1.0,
      "std": 0.0,
      "ci95": 0.0,
      "values": [
        1.0,
        1.0,
        1.0,
        1.0,
        1.0
      ]
    },
    "delayed_acc_delay_12_facts_4": {
      "n_seeds": 5,
      "mean": 0.46875,
      "std": 0.0,
      "ci95": 0.0,
      "values": [
        0.46875,
        0.46875,
        0.46875,
        0.46875,
        0.46875
      ]
    },
    "delayed_acc_delay_12_facts_8": {
      "n_seeds": 5,
      "mean": 0.4375,
      "std": 0.0,
      "ci95": 0.0,
      "values": [
        0.4375,
        0.4375,
        0.4375,
        0.4375,
        0.4375
      ]
    },
    "delayed_acc_delay_2_facts_1": {
      "n_seeds": 5,
      "mean": 1.0,
      "std": 0.0,
      "ci95": 0.0,
      "values": [
        1.0,
        1.0,
        1.0,
        1.0,
        1.0
      ]
    },
    "delayed_acc_delay_2_facts_4": {
      "n_seeds": 5,
      "mean": 0.875,
      "std": 0.0,
      "ci95": 0.0,
      "values": [
        0.875,
        0.875,
        0.875,
        0.875,
        0.875
      ]
    },
    "delayed_acc_delay_2_facts_8": {
      "n_seeds": 5,
      "mean": 0.90625,
      "std": 0.0,
      "ci95": 0.0,
      "values": [
        0.90625,
        0.90625,
        0.90625,
        0.90625,
        0.90625
      ]
    },
    "delayed_acc_delay_6_facts_1": {
      "n_seeds": 5,
      "mean": 1.0,
      "std": 0.0,
      "ci95": 0.0,
      "values": [
        1.0,
        1.0,
        1.0,
        1.0,
        1.0
      ]
    },
    "delayed_acc_delay_6_facts_4": {
      "n_seeds": 5,
      "mean": 0.71875,
      "std": 0.0,
      "ci95": 0.0,
      "values": [
        0.71875,
        0.71875,
        0.71875,
        0.71875,
        0.71875
      ]
    },
    "delayed_acc_delay_6_facts_8": {
      "n_seeds": 5,
      "mean": 0.71875,
      "std": 0.0,
      "ci95": 0.0,
      "values": [
        0.71875,
        0.71875,
        0.71875,
        0.71875,
        0.71875
      ]
    },
    "overwrite_acc": {
      "n_seeds": 5,
      "mean": 0.375,
      "std": 0.0,
      "ci95": 0.0,
      "values": [
        0.375,
        0.375,
        0.375,
        0.375,
        0.375
      ]
    },
    "persistence_behavior_max_abs_diff": {
      "n_seeds": 5,
      "mean": 0.0,
      "std": 0.0,
      "ci95": 0.0,
      "values": [
        0.0,
        0.0,
        0.0,
        0.0,
        0.0
      ]
    },
    "persistence_load_ok": {
      "n_seeds": 5,
      "mean": 1.0,
      "std": 0.0,
      "ci95": 0.0,
      "values": [
        1.0,
        1.0,
        1.0,
        1.0,
        1.0
      ]
    },
    "persistence_recall_acc": {
      "n_seeds": 5,
      "mean": 1.0,
      "std": 0.0,
      "ci95": 0.0,
      "values": [
        1.0,
        1.0,
        1.0,
        1.0,
        1.0
      ]
    },
    "persistence_save_ok": {
      "n_seeds": 5,
      "mean": 1.0,
      "std": 0.0,
      "ci95": 0.0,
      "values": [
        1.0,
        1.0,
        1.0,
        1.0,
        1.0
      ]
    },
    "persistence_slot_max_abs_diff": {
      "n_seeds": 5,
      "mean": 0.0,
      "std": 0.0,
      "ci95": 0.0,
      "values": [
        0.0,
        0.0,
        0.0,
        0.0,
        0.0
      ]
    },
    "stale_confusion_rate": {
      "n_seeds": 5,
      "mean": 0.625,
      "std": 0.0,
      "ci95": 0.0,
      "values": [
        0.625,
        0.625,
        0.625,
        0.625,
        0.625
      ]
    }
  },
  "alc_no_write": {
    "acc_distractors_0": {
      "n_seeds": 5,
      "mean": 0.125,
      "std": 0.0,
      "ci95": 0.0,
      "values": [
        0.125,
        0.125,
        0.125,
        0.125,
        0.125
      ]
    },
    "acc_distractors_12": {
      "n_seeds": 5,
      "mean": 0.125,
      "std": 0.0,
      "ci95": 0.0,
      "values": [
        0.125,
        0.125,
        0.125,
        0.125,
        0.125
      ]
    },
    "acc_distractors_24": {
      "n_seeds": 5,
      "mean": 0.125,
      "std": 0.0,
      "ci95": 0.0,
      "values": [
        0.125,
        0.125,
        0.125,
        0.125,
        0.125
      ]
    },
    "acc_distractors_4": {
      "n_seeds": 5,
      "mean": 0.125,
      "std": 0.0,
      "ci95": 0.0,
      "values": [
        0.125,
        0.125,
        0.125,
        0.125,
        0.125
      ]
    },
    "delayed_acc_delay_0_facts_1": {
      "n_seeds": 5,
      "mean": 0.125,
      "std": 0.0,
      "ci95": 0.0,
      "values": [
        0.125,
        0.125,
        0.125,
        0.125,
        0.125
      ]
    },
    "delayed_acc_delay_0_facts_4": {
      "n_seeds": 5,
      "mean": 0.125,
      "std": 0.0,
      "ci95": 0.0,
      "values": [
        0.125,
        0.125,
        0.125,
        0.125,
        0.125
      ]
    },
    "delayed_acc_delay_0_facts_8": {
      "n_seeds": 5,
      "mean": 0.125,
      "std": 0.0,
      "ci95": 0.0,
      "values": [
        0.125,
        0.125,
        0.125,
        0.125,
        0.125
      ]
    },
    "delayed_acc_delay_12_facts_1": {
      "n_seeds": 5,
      "mean": 0.125,
      "std": 0.0,
      "ci95": 0.0,
      "values": [
        0.125,
        0.125,
        0.125,
        0.125,
        0.125
      ]
    },
    "delayed_acc_delay_12_facts_4": {
      "n_seeds": 5,
      "mean": 0.125,
      "std": 0.0,
      "ci95": 0.0,
      "values": [
        0.125,
        0.125,
        0.125,
        0.125,
        0.125
      ]
    },
    "delayed_acc_delay_12_facts_8": {
      "n_seeds": 5,
      "mean": 0.125,
      "std": 0.0,
      "ci95": 0.0,
      "values": [
        0.125,
        0.125,
        0.125,
        0.125,
        0.125
      ]
    },
    "delayed_acc_delay_2_facts_1": {
      "n_seeds": 5,
      "mean": 0.125,
      "std": 0.0,
      "ci95": 0.0,
      "values": [
        0.125,
        0.125,
        0.125,
        0.125,
        0.125
      ]
    },
    "delayed_acc_delay_2_facts_4": {
      "n_seeds": 5,
      "mean": 0.125,
      "std": 0.0,
      "ci95": 0.0,
      "values": [
        0.125,
        0.125,
        0.125,
        0.125,
        0.125
      ]
    },
    "delayed_acc_delay_2_facts_8": {
      "n_seeds": 5,
      "mean": 0.125,
      "std": 0.0,
      "ci95": 0.0,
      "values": [
        0.125,
        0.125,
        0.125,
        0.125,
        0.125
      ]
    },
    "delayed_acc_delay_6_facts_1": {
      "n_seeds": 5,
      "mean": 0.125,
      "std": 0.0,
      "ci95": 0.0,